iso,elapsed_ms,own_lag_ms,server_rtt_ms,daemon_rtt_ms
2026-08-10T07:47:53.717Z,102,1.6,,6.8
2026-08-10T07:47:53.816Z,202,1.0,,1.0
2026-08-10T07:47:53.916Z,302,0.9,,0.6
2026-08-10T07:47:54.016Z,402,4.0,,2.8
2026-08-10T07:47:54.117Z,502,1.1,,1.2
2026-08-10T07:47:54.217Z,602,1.9,,1.0
2026-08-10T07:47:54.317Z,702,1.0,,1.1
2026-08-10T07:47:54.417Z,802,1.7,,1.0
2026-08-10T07:47:54.517Z,903,1.0,,1.7
2026-08-10T07:47:54.617Z,1003,1.3,,1.2
2026-08-10T07:47:54.717Z,1103,2.0,,1.0
2026-08-10T07:47:54.817Z,1203,0.9,,0.9
2026-08-10T07:47:54.917Z,1303,1.4,,1.0
2026-08-10T07:47:55.017Z,1403,1.1,,1.0
2026-08-10T07:47:55.118Z,1503,2.0,,3.8
2026-08-10T07:47:55.218Z,1603,1.4,,1.9
2026-08-10T07:47:55.318Z,1703,1.7,,0.8
2026-08-10T07:47:55.418Z,1803,1.2,,1.0
2026-08-10T07:47:55.518Z,1904,1.8,,1.0
2026-08-10T07:47:55.618Z,2004,4.1,,3.6
2026-08-10T07:47:55.718Z,2104,1.1,,1.3
2026-08-10T07:47:55.818Z,2204,2.0,,1.9
2026-08-10T07:47:55.918Z,2304,2.1,,0.9
2026-08-10T07:47:56.018Z,2404,11.4,,1.4
2026-08-10T07:47:56.119Z,2504,5.2,,1.0
2026-08-10T07:47:56.219Z,2604,1.6,,0.9
2026-08-10T07:47:56.319Z,2705,1.4,,1.3
2026-08-10T07:47:56.419Z,2805,4.7,,5.0
2026-08-10T07:47:56.521Z,2907,6.0,,7.7
2026-08-10T07:47:56.622Z,3007,2.4,,0.9
2026-08-10T07:47:56.722Z,3107,2.7,,2.4
2026-08-10T07:47:56.822Z,3207,2.1,,1.0
2026-08-10T07:47:56.922Z,3307,2.4,,1.0
2026-08-10T07:47:57.022Z,3408,0.8,,2.4
2026-08-10T07:47:57.127Z,3512,8.7,,2.4
2026-08-10T07:47:57.227Z,3613,6.2,,9.8
2026-08-10T07:47:57.327Z,3713,1.0,,3.3
2026-08-10T07:47:57.427Z,3813,2.2,,1.4
2026-08-10T07:47:57.527Z,3913,9.5,,4.7
2026-08-10T07:47:57.627Z,4013,6.2,,0.7
2026-08-10T07:47:57.727Z,4113,3.7,,6.2
2026-08-10T07:47:57.829Z,4215,12.2,,2.9
2026-08-10T07:47:57.931Z,4316,4.5,,1.7
2026-08-10T07:47:58.031Z,4417,1.3,,0.9
2026-08-10T07:47:58.132Z,4518,3.0,,1.7
2026-08-10T07:47:58.232Z,4618,2.5,,6.2
2026-08-10T07:47:58.335Z,4720,5.8,,1.4
2026-08-10T07:47:58.436Z,4822,9.8,,1.9
2026-08-10T07:47:58.547Z,4933,8.1,,1.3
2026-08-10T07:47:58.649Z,5035,6.0,,1.5
2026-08-10T07:47:58.749Z,5135,11.9,,0.9
2026-08-10T07:47:58.850Z,5235,4.0,,0.9
2026-08-10T07:47:58.950Z,5335,2.1,,1.6
2026-08-10T07:47:59.050Z,5435,4.0,,1.6
2026-08-10T07:47:59.150Z,5535,3.2,,4.2
2026-08-10T07:47:59.250Z,5636,3.1,,1.0
2026-08-10T07:47:59.350Z,5736,1.6,,1.9
2026-08-10T07:47:59.450Z,5836,3.8,,3.1
2026-08-10T07:47:59.551Z,5936,3.0,,1.1
2026-08-10T07:47:59.651Z,6037,7.6,,4.0
2026-08-10T07:47:59.752Z,6137,2.7,,2.9
2026-08-10T07:47:59.852Z,6238,2.5,,1.7
2026-08-10T07:47:59.954Z,6339,6.8,,0.9
2026-08-10T07:48:00.054Z,6440,1.6,,1.0
2026-08-10T07:48:00.156Z,6541,2.0,,1.1
2026-08-10T07:48:00.257Z,6642,3.5,,5.7
2026-08-10T07:48:00.362Z,6748,6.3,,2.6
2026-08-10T07:48:00.463Z,6848,2.8,,0.9
2026-08-10T07:48:00.563Z,6949,2.1,,1.0
2026-08-10T07:48:00.663Z,7049,2.2,,1.1
2026-08-10T07:48:00.763Z,7149,9.2,,1.3
2026-08-10T07:48:00.863Z,7249,4.1,,2.6
2026-08-10T07:48:00.964Z,7350,5.8,,1.2
2026-08-10T07:48:01.065Z,7451,10.6,,2.7
2026-08-10T07:48:01.165Z,7551,5.3,,13.2
2026-08-10T07:48:01.266Z,7651,42.5,,13.2
2026-08-10T07:48:01.388Z,7774,23.4,,3.2
2026-08-10T07:48:01.488Z,7874,3.4,,1.2
2026-08-10T07:48:01.588Z,7974,3.1,,1.9
2026-08-10T07:48:01.689Z,8075,3.5,,2.2
2026-08-10T07:48:01.794Z,8180,9.7,,9.0
2026-08-10T07:48:01.894Z,8280,25.7,,9.0
2026-08-10T07:48:02.004Z,8390,29.8,,8.5
2026-08-10T07:48:02.105Z,8490,7.6,,1.6
2026-08-10T07:48:02.207Z,8592,1.4,,1.1
2026-08-10T07:48:02.308Z,8694,7.6,,3.7
2026-08-10T07:48:02.411Z,8797,1.2,,3.4
2026-08-10T07:48:02.513Z,8899,5.1,,1.0
2026-08-10T07:48:02.614Z,8999,6.7,,4.9
2026-08-10T07:48:02.714Z,9099,9.9,,3.0
2026-08-10T07:48:02.814Z,9199,2.2,,1.2
2026-08-10T07:48:02.916Z,9301,2.1,,1.6
2026-08-10T07:48:03.016Z,9402,5.7,,2.5
2026-08-10T07:48:03.116Z,9502,2.0,,1.3
2026-08-10T07:48:03.216Z,9602,2.9,,2.3
2026-08-10T07:48:03.316Z,9702,2.0,,1.2
2026-08-10T07:48:03.416Z,9802,1.6,,0.9
2026-08-10T07:48:03.517Z,9902,3.4,,0.9
2026-08-10T07:48:03.617Z,10002,5.3,,10.1
2026-08-10T07:48:03.717Z,10103,5.1,,1.5
2026-08-10T07:48:03.817Z,10203,1.7,,1.1
2026-08-10T07:48:03.917Z,10303,1.8,,1.3
2026-08-10T07:48:04.017Z,10403,1.0,,0.9
2026-08-10T07:48:04.117Z,10503,6.0,,2.7
2026-08-10T07:48:04.218Z,10603,1.3,,2.5
2026-08-10T07:48:04.318Z,10703,1.6,,1.4
2026-08-10T07:48:04.418Z,10804,1.9,,0.8
2026-08-10T07:48:04.518Z,10904,1.5,,1.2
2026-08-10T07:48:04.619Z,11004,3.2,,1.0
2026-08-10T07:48:04.718Z,11104,4.1,,1.8
2026-08-10T07:48:04.819Z,11204,6.9,,2.0
2026-08-10T07:48:04.919Z,11305,1.9,,1.9
2026-08-10T07:48:05.020Z,11406,3.1,,1.2
2026-08-10T07:48:05.120Z,11506,6.6,,1.4
2026-08-10T07:48:05.221Z,11606,3.0,,0.8
2026-08-10T07:48:05.321Z,11706,2.1,,3.1
2026-08-10T07:48:05.421Z,11806,1.9,,1.8
2026-08-10T07:48:05.522Z,11908,2.7,,7.4
2026-08-10T07:48:05.622Z,12008,1.4,,1.4
2026-08-10T07:48:05.724Z,12110,3.2,,2.1
2026-08-10T07:48:05.824Z,12210,3.5,,1.0
2026-08-10T07:48:05.926Z,12312,2.7,,2.7
2026-08-10T07:48:06.026Z,12412,3.8,,0.9
2026-08-10T07:48:06.126Z,12512,1.6,,0.9
2026-08-10T07:48:06.226Z,12612,2.3,,1.2
2026-08-10T07:48:06.327Z,12712,10.2,,3.3
2026-08-10T07:48:06.427Z,12813,6.7,,21.3
2026-08-10T07:48:06.527Z,12913,6.7,,2.7
2026-08-10T07:48:06.628Z,13013,6.8,,4.8
2026-08-10T07:48:06.730Z,13115,7.7,,14.6
2026-08-10T07:48:06.831Z,13216,7.1,,3.1
2026-08-10T07:48:06.931Z,13317,6.4,,6.4
2026-08-10T07:48:07.031Z,13417,3.1,,2.2
2026-08-10T07:48:07.132Z,13517,4.7,,1.5
2026-08-10T07:48:07.232Z,13617,4.6,,8.0
2026-08-10T07:48:07.332Z,13717,3.4,,1.0
2026-08-10T07:48:07.432Z,13818,8.6,,2.4
2026-08-10T07:48:07.532Z,13918,1.2,,2.5
2026-08-10T07:48:07.634Z,14020,5.3,,1.1
2026-08-10T07:48:07.736Z,14121,16.3,,6.0
2026-08-10T07:48:07.836Z,14222,7.1,,1.4
2026-08-10T07:48:07.938Z,14323,3.9,,2.5
2026-08-10T07:48:08.041Z,14427,1.7,,2.6
2026-08-10T07:48:08.142Z,14527,3.1,,1.6
2026-08-10T07:48:08.242Z,14627,8.4,,0.9
2026-08-10T07:48:08.342Z,14728,25.0,,0.8
2026-08-10T07:48:08.443Z,14829,4.1,,8.6
2026-08-10T07:48:08.543Z,14929,4.3,,0.9
2026-08-10T07:48:08.645Z,15031,2.1,,0.9
2026-08-10T07:48:08.746Z,15131,2.8,,0.7
2026-08-10T07:48:08.846Z,15232,1.6,,1.0
2026-08-10T07:48:08.946Z,15332,3.5,,1.3
2026-08-10T07:48:09.046Z,15432,1.0,,2.1
2026-08-10T07:48:09.147Z,15532,2.2,,0.8
2026-08-10T07:48:09.247Z,15632,1.4,,0.8
2026-08-10T07:48:09.347Z,15733,4.5,,0.9
2026-08-10T07:48:09.447Z,15833,6.1,,2.0
2026-08-10T07:48:09.547Z,15933,1.6,,0.8
2026-08-10T07:48:09.648Z,16033,1.9,,1.0
2026-08-10T07:48:09.748Z,16133,2.8,,1.7
2026-08-10T07:48:09.848Z,16234,1.9,,2.2
2026-08-10T07:48:09.949Z,16334,2.7,,0.9
2026-08-10T07:48:10.049Z,16434,3.0,,1.0
2026-08-10T07:48:10.149Z,16534,2.0,,1.1
2026-08-10T07:48:10.249Z,16634,0.9,,1.1
2026-08-10T07:48:10.349Z,16734,2.5,,1.2
2026-08-10T07:48:10.450Z,16835,1.8,,1.3
2026-08-10T07:48:10.550Z,16935,6.6,,1.3
2026-08-10T07:48:10.650Z,17036,1.5,,2.1
2026-08-10T07:48:10.750Z,17136,1.6,,2.4
2026-08-10T07:48:10.850Z,17236,2.8,,1.0
2026-08-10T07:48:10.951Z,17336,1.4,,1.0
2026-08-10T07:48:11.051Z,17436,1.8,,0.9
2026-08-10T07:48:11.151Z,17536,6.3,,0.9
2026-08-10T07:48:11.251Z,17636,7.6,,2.1
2026-08-10T07:48:11.351Z,17737,2.0,,1.0
2026-08-10T07:48:11.451Z,17837,1.7,,1.1
2026-08-10T07:48:11.551Z,17937,1.4,,0.8
2026-08-10T07:48:11.651Z,18037,1.0,,1.1
2026-08-10T07:48:11.751Z,18137,1.2,,1.7
2026-08-10T07:48:11.851Z,18237,0.8,,1.1
2026-08-10T07:48:11.952Z,18337,1.4,,1.1
2026-08-10T07:48:12.052Z,18437,1.5,,0.9
2026-08-10T07:48:12.152Z,18538,1.8,,0.8
2026-08-10T07:48:12.252Z,18638,1.1,,1.0
2026-08-10T07:48:12.352Z,18738,2.3,,1.1
2026-08-10T07:48:12.452Z,18838,1.3,,0.8
2026-08-10T07:48:12.552Z,18938,1.0,,1.9
2026-08-10T07:48:12.652Z,19038,1.3,,1.0
2026-08-10T07:48:12.752Z,19138,2.6,,1.5
2026-08-10T07:48:12.853Z,19238,1.2,,1.0
2026-08-10T07:48:12.953Z,19338,0.9,,1.0
2026-08-10T07:48:13.053Z,19438,0.8,,3.4
2026-08-10T07:48:13.153Z,19538,1.3,,0.9
2026-08-10T07:48:13.253Z,19638,3.0,,0.8
2026-08-10T07:48:13.353Z,19739,1.2,,0.8
2026-08-10T07:48:13.453Z,19839,1.6,,0.8
2026-08-10T07:48:13.553Z,19939,2.3,,5.2
2026-08-10T07:48:13.653Z,20039,1.4,,1.3
2026-08-10T07:48:13.753Z,20139,1.1,,1.5
2026-08-10T07:48:13.854Z,20239,1.1,,0.9
2026-08-10T07:48:13.954Z,20340,1.8,,0.9
2026-08-10T07:48:14.054Z,20440,2.0,,1.3
2026-08-10T07:48:14.154Z,20540,1.8,,1.9
2026-08-10T07:48:14.254Z,20640,1.3,,0.9
2026-08-10T07:48:14.354Z,20740,5.5,,0.9
2026-08-10T07:48:14.455Z,20840,1.2,,0.9
2026-08-10T07:48:14.555Z,20941,1.3,,1.1
2026-08-10T07:48:14.655Z,21041,1.1,,2.4
2026-08-10T07:48:14.755Z,21141,1.2,,1.4
2026-08-10T07:48:14.855Z,21241,1.3,,0.9
2026-08-10T07:48:14.956Z,21341,1.4,,0.7
2026-08-10T07:48:15.056Z,21441,1.7,,1.3
2026-08-10T07:48:15.156Z,21542,4.6,,0.8
2026-08-10T07:48:15.256Z,21642,1.7,,0.9
2026-08-10T07:48:15.357Z,21743,2.6,,2.3
2026-08-10T07:48:15.457Z,21843,2.0,,0.8
2026-08-10T07:48:15.557Z,21943,2.6,,3.1
2026-08-10T07:48:15.657Z,22043,1.8,,1.0
2026-08-10T07:48:15.760Z,22146,3.7,,0.9
2026-08-10T07:48:15.860Z,22246,3.9,,2.2
2026-08-10T07:48:15.960Z,22346,2.5,,0.8
2026-08-10T07:48:16.061Z,22446,1.3,,2.0
2026-08-10T07:48:16.161Z,22546,1.0,,0.9
2026-08-10T07:48:16.261Z,22646,0.6,,0.8
2026-08-10T07:48:16.361Z,22746,0.5,,0.8
2026-08-10T07:48:16.461Z,22846,1.1,,2.2
2026-08-10T07:48:16.561Z,22947,1.5,,1.2
2026-08-10T07:48:16.661Z,23047,2.5,,1.7
2026-08-10T07:48:16.761Z,23147,2.3,,0.9
2026-08-10T07:48:16.861Z,23247,3.2,,1.0
2026-08-10T07:48:16.961Z,23347,1.9,,1.0
2026-08-10T07:48:17.062Z,23448,2.2,,0.8
2026-08-10T07:48:17.163Z,23548,12.3,,1.5
2026-08-10T07:48:17.263Z,23648,1.8,,1.5
2026-08-10T07:48:17.363Z,23748,0.5,,0.8
2026-08-10T07:48:17.463Z,23848,2.9,,1.2
2026-08-10T07:48:17.563Z,23949,1.2,,1.1
2026-08-10T07:48:17.663Z,24049,1.9,,1.0
2026-08-10T07:48:17.763Z,24149,1.6,,0.7
2026-08-10T07:48:17.863Z,24249,0.8,,1.6
2026-08-10T07:48:17.963Z,24349,1.4,,0.9
2026-08-10T07:48:18.063Z,24449,0.6,,1.1
2026-08-10T07:48:18.164Z,24549,3.9,,1.0
2026-08-10T07:48:18.264Z,24649,5.2,,0.8
2026-08-10T07:48:18.364Z,24749,1.7,,1.4
2026-08-10T07:48:18.464Z,24849,0.5,,3.5
2026-08-10T07:48:18.564Z,24949,0.8,,0.7
2026-08-10T07:48:18.664Z,25050,3.2,,0.7
2026-08-10T07:48:18.764Z,25150,1.7,,0.7
2026-08-10T07:48:18.864Z,25250,3.8,,1.0
2026-08-10T07:48:18.964Z,25350,2.5,,0.9
2026-08-10T07:48:19.064Z,25450,0.7,,0.7
2026-08-10T07:48:19.164Z,25550,1.3,,1.9
2026-08-10T07:48:19.265Z,25651,1.9,,3.8
2026-08-10T07:48:19.365Z,25751,1.5,,2.5
2026-08-10T07:48:19.465Z,25851,1.7,,1.6
2026-08-10T07:48:19.565Z,25951,3.2,,1.0
2026-08-10T07:48:19.666Z,26051,2.4,,0.8
2026-08-10T07:48:19.766Z,26151,0.6,,1.1
2026-08-10T07:48:19.866Z,26251,3.2,,3.9
2026-08-10T07:48:19.966Z,26351,1.9,,0.8
2026-08-10T07:48:20.066Z,26451,0.7,,0.9
2026-08-10T07:48:20.166Z,26551,3.6,,0.9
2026-08-10T07:48:20.266Z,26651,4.3,,1.0
2026-08-10T07:48:20.366Z,26751,2.6,,1.9
2026-08-10T07:48:20.466Z,26852,0.6,,0.7
2026-08-10T07:48:20.566Z,26952,11.9,,1.1
2026-08-10T07:48:20.666Z,27052,4.7,,1.4
2026-08-10T07:48:20.766Z,27152,0.5,,0.8
2026-08-10T07:48:20.867Z,27252,2.6,,25.4
2026-08-10T07:48:20.967Z,27353,2.4,,3.0
2026-08-10T07:48:21.067Z,27453,1.3,,1.6
2026-08-10T07:48:21.170Z,27556,1.6,,0.7
2026-08-10T07:48:21.270Z,27656,1.7,,0.7
2026-08-10T07:48:21.370Z,27756,3.7,,3.9
2026-08-10T07:48:21.470Z,27856,1.0,,2.3
2026-08-10T07:48:21.571Z,27956,1.5,,0.8
2026-08-10T07:48:21.671Z,28056,2.5,,1.6
2026-08-10T07:48:21.771Z,28156,1.3,,0.8
2026-08-10T07:48:21.871Z,28256,5.4,,0.8
2026-08-10T07:48:21.971Z,28356,0.7,,2.2
2026-08-10T07:48:22.071Z,28456,1.5,,0.8
2026-08-10T07:48:22.171Z,28557,1.5,,0.7
2026-08-10T07:48:22.272Z,28657,1.2,,2.7
2026-08-10T07:48:22.372Z,28757,0.6,,0.9
2026-08-10T07:48:22.472Z,28857,0.8,,0.9
2026-08-10T07:48:22.572Z,28957,0.5,,0.9
2026-08-10T07:48:22.672Z,29057,2.5,,0.9
2026-08-10T07:48:22.772Z,29157,1.9,,0.9
2026-08-10T07:48:22.873Z,29259,2.0,,0.9
2026-08-10T07:48:22.973Z,29359,1.9,,0.7
2026-08-10T07:48:23.074Z,29460,4.7,,0.7
2026-08-10T07:48:23.174Z,29560,1.0,,1.0
2026-08-10T07:48:23.274Z,29660,2.3,,1.0
2026-08-10T07:48:23.374Z,29760,4.5,,2.2
2026-08-10T07:48:23.475Z,29860,6.2,,2.5
2026-08-10T07:48:23.575Z,29963,2.9,,1.9
2026-08-10T07:48:23.675Z,30061,1.5,,0.9
2026-08-10T07:48:23.775Z,30161,1.2,,1.5
2026-08-10T07:48:23.875Z,30261,0.7,,1.9
2026-08-10T07:48:23.975Z,30361,2.2,,1.0
2026-08-10T07:48:24.075Z,30461,0.6,,0.7
2026-08-10T07:48:24.175Z,30561,0.7,,1.1
2026-08-10T07:48:24.276Z,30661,3.7,,0.9
2026-08-10T07:48:24.376Z,30761,2.3,,1.5
2026-08-10T07:48:24.476Z,30861,3.6,,1.5
2026-08-10T07:48:24.576Z,30962,1.8,,3.4
2026-08-10T07:48:24.676Z,31062,3.0,,1.1
2026-08-10T07:48:24.776Z,31162,0.6,,1.2
2026-08-10T07:48:24.876Z,31262,2.8,,1.0
2026-08-10T07:48:24.976Z,31362,0.6,,0.9
2026-08-10T07:48:25.077Z,31462,1.0,,2.6
2026-08-10T07:48:25.177Z,31562,0.7,,1.0
2026-08-10T07:48:25.277Z,31662,1.7,,0.8
2026-08-10T07:48:25.378Z,31763,6.7,,1.1
2026-08-10T07:48:25.478Z,31864,2.9,,1.1
2026-08-10T07:48:25.578Z,31964,2.0,,4.1
2026-08-10T07:48:25.682Z,32068,0.5,,1.0
2026-08-10T07:48:25.782Z,32168,3.7,,1.5
2026-08-10T07:48:25.883Z,32269,7.1,,1.6
2026-08-10T07:48:25.983Z,32369,2.3,,2.8
2026-08-10T07:48:26.083Z,32469,1.1,,1.6
2026-08-10T07:48:26.184Z,32569,1.6,,3.1
2026-08-10T07:48:26.286Z,32671,1.6,,3.3
2026-08-10T07:48:26.386Z,32772,5.6,,4.2
2026-08-10T07:48:26.486Z,32872,1.0,,2.3
2026-08-10T07:48:26.587Z,32972,5.0,,2.7
2026-08-10T07:48:26.688Z,33074,6.2,,6.1
2026-08-10T07:48:26.788Z,33174,8.5,,2.3
2026-08-10T07:48:26.889Z,33275,2.1,,1.5
2026-08-10T07:48:26.989Z,33375,1.9,,5.0
2026-08-10T07:48:27.091Z,33476,9.1,,2.1
2026-08-10T07:48:27.195Z,33580,3.1,,6.7
2026-08-10T07:48:27.297Z,33682,5.7,,1.8
2026-08-10T07:48:27.397Z,33782,13.5,,0.9
2026-08-10T07:48:27.497Z,33882,4.8,,1.0
2026-08-10T07:48:27.597Z,33983,5.0,,1.9
2026-08-10T07:48:27.699Z,34085,1.3,,2.4
2026-08-10T07:48:27.799Z,34185,2.5,,1.5
2026-08-10T07:48:27.902Z,34288,1.2,,1.1
2026-08-10T07:48:28.003Z,34389,3.9,,1.3
2026-08-10T07:48:28.104Z,34489,1.8,,2.4
2026-08-10T07:48:28.204Z,34589,2.8,,2.2
2026-08-10T07:48:28.304Z,34689,3.0,,1.6
2026-08-10T07:48:28.404Z,34789,1.4,,1.3
2026-08-10T07:48:28.505Z,34890,5.5,,12.3
2026-08-10T07:48:28.605Z,34990,2.1,,4.5
2026-08-10T07:48:28.705Z,35091,2.3,,3.4
2026-08-10T07:48:28.806Z,35191,2.8,,3.5
2026-08-10T07:48:28.906Z,35292,1.4,,1.0
2026-08-10T07:48:29.006Z,35392,1.2,,5.7
2026-08-10T07:48:29.106Z,35492,1.6,,11.4
2026-08-10T07:48:29.208Z,35593,3.1,,2.1
2026-08-10T07:48:29.309Z,35695,3.1,,0.8
2026-08-10T07:48:29.409Z,35795,1.0,,0.9
2026-08-10T07:48:29.509Z,35895,2.7,,3.2
2026-08-10T07:48:29.609Z,35995,2.4,,1.9
2026-08-10T07:48:29.710Z,36095,6.5,,2.4
2026-08-10T07:48:29.810Z,36195,5.7,,1.0
2026-08-10T07:48:29.910Z,36295,0.9,,3.2
2026-08-10T07:48:30.011Z,36396,2.5,,0.9
2026-08-10T07:48:30.111Z,36497,1.5,,0.9
2026-08-10T07:48:30.218Z,36603,8.0,,0.9
2026-08-10T07:48:30.321Z,36707,7.7,,0.9
2026-08-10T07:48:30.421Z,36807,1.7,,0.7
2026-08-10T07:48:30.521Z,36907,2.3,,11.7
2026-08-10T07:48:30.624Z,37009,3.9,,2.2
2026-08-10T07:48:30.726Z,37111,2.6,,0.9
2026-08-10T07:48:30.826Z,37211,2.6,,0.7
2026-08-10T07:48:30.927Z,37313,3.3,,3.4
2026-08-10T07:48:31.027Z,37413,2.2,,1.1
2026-08-10T07:48:31.128Z,37513,0.7,,2.5
2026-08-10T07:48:31.228Z,37613,0.6,,3.5
2026-08-10T07:48:31.328Z,37713,0.6,,4.3
2026-08-10T07:48:31.429Z,37814,1.7,,0.8
2026-08-10T07:48:31.529Z,37915,1.5,,1.5
2026-08-10T07:48:31.629Z,38015,1.0,,0.9
2026-08-10T07:48:31.729Z,38115,0.9,,2.4
2026-08-10T07:48:31.831Z,38216,2.1,,0.9
2026-08-10T07:48:31.932Z,38318,2.7,,0.9
2026-08-10T07:48:32.032Z,38418,1.1,,2.9
2026-08-10T07:48:32.133Z,38519,3.1,,1.0
2026-08-10T07:48:32.234Z,38620,2.5,,1.7
2026-08-10T07:48:32.334Z,38720,3.2,,4.1
2026-08-10T07:48:32.434Z,38820,1.7,,7.2
2026-08-10T07:48:32.536Z,38922,1.8,,2.9
2026-08-10T07:48:32.636Z,39022,2.1,,1.4
2026-08-10T07:48:32.737Z,39123,0.6,,0.8
2026-08-10T07:48:32.837Z,39223,2.0,,0.9
2026-08-10T07:48:32.937Z,39323,2.8,,1.2
2026-08-10T07:48:33.038Z,39424,0.9,,2.7
2026-08-10T07:48:33.138Z,39524,1.0,,0.7
2026-08-10T07:48:33.240Z,39625,1.7,,0.9
2026-08-10T07:48:33.343Z,39728,6.6,,0.9
2026-08-10T07:48:33.443Z,39829,2.7,,2.3
2026-08-10T07:48:33.543Z,39929,1.3,,1.1
2026-08-10T07:48:33.644Z,40030,1.3,,1.0
2026-08-10T07:48:33.744Z,40130,2.0,,1.0
2026-08-10T07:48:33.845Z,40230,1.8,,1.0
2026-08-10T07:48:33.945Z,40330,1.6,,0.9
2026-08-10T07:48:34.045Z,40431,2.8,,0.8
2026-08-10T07:48:34.145Z,40531,0.6,,0.9
2026-08-10T07:48:34.245Z,40631,0.6,,3.0
2026-08-10T07:48:34.350Z,40735,8.5,,1.1
2026-08-10T07:48:34.451Z,40839,5.8,,5.2
2026-08-10T07:48:34.551Z,40937,2.6,,2.5
2026-08-10T07:48:34.653Z,41039,2.2,,0.8
2026-08-10T07:48:34.754Z,41139,3.5,,7.1
2026-08-10T07:48:34.854Z,41239,0.6,,5.4
2026-08-10T07:48:34.954Z,41339,8.0,,3.1
2026-08-10T07:48:35.054Z,41439,0.5,,3.1
2026-08-10T07:48:35.154Z,41539,2.9,,2.1
2026-08-10T07:48:35.257Z,41642,1.0,,0.9
2026-08-10T07:48:35.357Z,41743,0.7,,1.9
2026-08-10T07:48:35.458Z,41843,3.2,,3.1
2026-08-10T07:48:35.558Z,41943,7.0,,20.1
2026-08-10T07:48:35.658Z,42043,1.4,,2.9
2026-08-10T07:48:35.758Z,42143,1.5,,1.0
2026-08-10T07:48:35.858Z,42243,1.1,,2.3
2026-08-10T07:48:35.958Z,42344,0.7,,1.1
2026-08-10T07:48:36.058Z,42444,5.3,,3.9
2026-08-10T07:48:36.158Z,42544,1.9,,5.2
2026-08-10T07:48:36.258Z,42644,1.9,,0.9
2026-08-10T07:48:36.358Z,42744,3.3,,1.0
2026-08-10T07:48:36.458Z,42844,1.1,,1.2
2026-08-10T07:48:36.559Z,42944,0.9,,0.8
2026-08-10T07:48:36.659Z,43044,3.0,,4.5
2026-08-10T07:48:36.759Z,43144,1.3,,3.6
2026-08-10T07:48:36.859Z,43245,4.2,,1.4
2026-08-10T07:48:36.959Z,43345,4.1,,1.1
2026-08-10T07:48:37.059Z,43445,2.0,,1.6
2026-08-10T07:48:37.165Z,43551,8.0,,1.7
2026-08-10T07:48:37.265Z,43651,3.2,,3.4
2026-08-10T07:48:37.366Z,43751,2.9,,6.1
2026-08-10T07:48:37.466Z,43851,5.0,,4.1
2026-08-10T07:48:37.566Z,43952,2.4,,0.7
2026-08-10T07:48:37.666Z,44052,3.5,,2.3
2026-08-10T07:48:37.766Z,44152,2.1,,1.6
2026-08-10T07:48:37.867Z,44253,1.6,,1.0
2026-08-10T07:48:37.967Z,44353,2.7,,1.3
2026-08-10T07:48:38.068Z,44453,9.1,,10.0
2026-08-10T07:48:38.168Z,44553,2.4,,0.9
2026-08-10T07:48:38.268Z,44653,1.4,,8.3
2026-08-10T07:48:38.368Z,44754,7.3,,6.6
2026-08-10T07:48:38.468Z,44854,4.1,,1.1
2026-08-10T07:48:38.573Z,44958,8.5,,2.9
2026-08-10T07:48:38.673Z,45058,4.8,,0.9
2026-08-10T07:48:38.773Z,45158,1.1,,16.2
2026-08-10T07:48:38.873Z,45259,0.9,,4.4
2026-08-10T07:48:38.973Z,45359,7.3,,2.0
2026-08-10T07:48:39.073Z,45459,0.9,,3.2
2026-08-10T07:48:39.173Z,45559,0.8,,2.2
2026-08-10T07:48:39.274Z,45660,1.9,,12.3
2026-08-10T07:48:39.375Z,45760,1.2,,1.8
2026-08-10T07:48:39.475Z,45861,1.6,,2.2
2026-08-10T07:48:39.575Z,45961,3.7,,2.4
2026-08-10T07:48:39.676Z,46061,2.6,,5.8
2026-08-10T07:48:39.776Z,46161,1.2,,15.3
2026-08-10T07:48:39.876Z,46262,1.7,,5.1
2026-08-10T07:48:39.976Z,46362,2.8,,1.5
2026-08-10T07:48:40.077Z,46462,3.4,,0.8
2026-08-10T07:48:40.180Z,46565,4.5,,1.2
2026-08-10T07:48:40.280Z,46665,2.2,,1.6
2026-08-10T07:48:40.380Z,46765,0.6,,1.3
2026-08-10T07:48:40.481Z,46866,0.7,,2.4
2026-08-10T07:48:40.581Z,46967,3.2,,0.8
2026-08-10T07:48:40.681Z,47067,0.5,,4.1
2026-08-10T07:48:40.781Z,47167,0.8,,8.0
2026-08-10T07:48:40.881Z,47267,0.7,,0.9
2026-08-10T07:48:40.981Z,47367,0.7,,2.8
2026-08-10T07:48:41.081Z,47467,2.1,,0.8
2026-08-10T07:48:41.182Z,47567,1.3,,0.9
2026-08-10T07:48:41.282Z,47668,2.6,,0.9
2026-08-10T07:48:41.382Z,47769,2.5,,1.3
2026-08-10T07:48:41.482Z,47868,8.6,,2.2
2026-08-10T07:48:41.583Z,47968,1.2,,0.7
2026-08-10T07:48:41.683Z,48068,1.1,,0.9
2026-08-10T07:48:41.783Z,48168,2.6,,1.2
2026-08-10T07:48:41.883Z,48269,3.5,,4.0
2026-08-10T07:48:41.983Z,48369,2.5,,0.9
2026-08-10T07:48:42.083Z,48469,2.0,,1.8
2026-08-10T07:48:42.183Z,48569,7.7,,1.2
2026-08-10T07:48:42.283Z,48669,1.3,,2.7
2026-08-10T07:48:42.384Z,48769,1.7,,5.1
2026-08-10T07:48:42.484Z,48870,3.7,,0.9
2026-08-10T07:48:42.584Z,48969,1.8,,1.0
2026-08-10T07:48:42.684Z,49070,1.2,,0.8
2026-08-10T07:48:42.784Z,49170,1.3,,0.9
2026-08-10T07:48:42.884Z,49270,2.4,,0.9
2026-08-10T07:48:42.984Z,49370,3.7,,0.7
2026-08-10T07:48:43.084Z,49470,1.8,,0.7
2026-08-10T07:48:43.184Z,49570,1.1,,2.3
2026-08-10T07:48:43.285Z,49670,2.9,,2.3
2026-08-10T07:48:43.385Z,49770,4.0,,0.9
2026-08-10T07:48:43.486Z,49871,2.7,,1.3
2026-08-10T07:48:43.586Z,49971,2.7,,1.1
2026-08-10T07:48:43.686Z,50071,1.2,,2.1
2026-08-10T07:48:43.786Z,50172,3.3,,2.2
2026-08-10T07:48:43.886Z,50272,4.6,,0.8
2026-08-10T07:48:43.986Z,50372,1.1,,0.8
2026-08-10T07:48:44.087Z,50472,1.8,,2.8
2026-08-10T07:48:44.187Z,50572,3.0,,2.7
2026-08-10T07:48:44.287Z,50672,2.4,,1.0
2026-08-10T07:48:44.387Z,50773,12.2,,0.8
2026-08-10T07:48:44.487Z,50873,2.2,,1.0
2026-08-10T07:48:44.587Z,50973,4.9,,3.6
2026-08-10T07:48:44.687Z,51073,3.3,,1.7
2026-08-10T07:48:44.788Z,51173,6.2,,0.7
2026-08-10T07:48:44.888Z,51273,1.5,,0.8
2026-08-10T07:48:44.989Z,51375,2.8,,3.9
2026-08-10T07:48:45.089Z,51475,7.2,,2.4
2026-08-10T07:48:45.189Z,51575,2.6,,0.9
2026-08-10T07:48:45.290Z,51675,1.6,,1.8
2026-08-10T07:48:45.390Z,51775,3.8,,1.8
2026-08-10T07:48:45.490Z,51875,2.1,,3.2
2026-08-10T07:48:45.590Z,51975,2.0,,1.2
2026-08-10T07:48:45.690Z,52075,3.4,,1.0
2026-08-10T07:48:45.790Z,52176,1.6,,5.6
2026-08-10T07:48:45.890Z,52276,2.1,,1.2
2026-08-10T07:48:45.990Z,52376,2.6,,4.5
2026-08-10T07:48:46.090Z,52476,1.7,,1.6
2026-08-10T07:48:46.191Z,52576,2.1,,1.0
2026-08-10T07:48:46.291Z,52676,2.2,,1.4
2026-08-10T07:48:46.391Z,52776,1.9,,1.3
2026-08-10T07:48:46.492Z,52877,2.4,,0.6
2026-08-10T07:48:46.592Z,52978,1.3,,3.9
2026-08-10T07:48:46.692Z,53078,2.7,,7.5
2026-08-10T07:48:46.792Z,53178,2.3,,2.0
2026-08-10T07:48:46.893Z,53278,5.2,,2.4
2026-08-10T07:48:46.993Z,53378,5.1,,2.7
2026-08-10T07:48:47.094Z,53479,1.9,,0.9
2026-08-10T07:48:47.195Z,53580,1.2,,1.0
2026-08-10T07:48:47.296Z,53682,1.5,,0.9
2026-08-10T07:48:47.397Z,53782,1.8,,0.9
2026-08-10T07:48:47.498Z,53884,1.3,,3.8
2026-08-10T07:48:47.599Z,53984,2.8,,1.1
2026-08-10T07:48:47.701Z,54086,1.0,,5.2
2026-08-10T07:48:47.801Z,54186,2.2,,1.0
2026-08-10T07:48:47.901Z,54286,2.6,,0.8
2026-08-10T07:48:48.001Z,54386,1.5,,0.8
2026-08-10T07:48:48.101Z,54487,1.2,,0.9
2026-08-10T07:48:48.201Z,54587,4.0,,1.0
2026-08-10T07:48:48.301Z,54687,2.3,,0.9
2026-08-10T07:48:48.401Z,54787,1.1,,0.9
2026-08-10T07:48:48.502Z,54887,1.8,,0.6
2026-08-10T07:48:48.602Z,54987,3.0,,1.7
2026-08-10T07:48:48.702Z,55087,1.8,,1.0
2026-08-10T07:48:48.802Z,55187,2.1,,1.2
2026-08-10T07:48:48.902Z,55288,1.9,,1.0
2026-08-10T07:48:49.002Z,55388,2.8,,0.9
2026-08-10T07:48:49.103Z,55488,2.0,,2.2
2026-08-10T07:48:49.203Z,55588,1.6,,1.0
2026-08-10T07:48:49.303Z,55689,2.9,,0.9
2026-08-10T07:48:49.403Z,55789,1.2,,0.8
2026-08-10T07:48:49.503Z,55889,1.6,,1.0
2026-08-10T07:48:49.604Z,55990,2.7,,1.0
2026-08-10T07:48:49.705Z,56091,1.5,,0.8
2026-08-10T07:48:49.805Z,56191,1.2,,0.8
2026-08-10T07:48:49.906Z,56291,1.2,,0.7
2026-08-10T07:48:50.007Z,56393,3.0,,2.6
2026-08-10T07:48:50.108Z,56494,1.6,,2.0
2026-08-10T07:48:50.209Z,56594,1.6,,0.8
2026-08-10T07:48:50.309Z,56695,1.7,,1.6
2026-08-10T07:48:50.410Z,56796,2.6,,1.1
2026-08-10T07:48:50.513Z,56899,2.7,,2.1
2026-08-10T07:48:50.616Z,57002,1.1,,3.1
2026-08-10T07:48:50.716Z,57102,3.7,,4.2
2026-08-10T07:48:50.816Z,57202,2.5,,18.1
2026-08-10T07:48:50.916Z,57302,1.1,,2.5
2026-08-10T07:48:51.017Z,57403,2.2,,1.3
2026-08-10T07:48:51.119Z,57504,1.4,,1.1
2026-08-10T07:48:51.219Z,57604,3.1,,1.0
2026-08-10T07:48:51.319Z,57704,2.2,,1.1
2026-08-10T07:48:51.420Z,57805,1.6,,1.1
2026-08-10T07:48:51.520Z,57906,1.7,,1.1
2026-08-10T07:48:51.620Z,58006,2.0,,1.4
2026-08-10T07:48:51.721Z,58106,2.7,,1.6
2026-08-10T07:48:51.821Z,58206,1.4,,0.8
2026-08-10T07:48:51.922Z,58308,2.9,,1.5
2026-08-10T07:48:52.045Z,58431,8.6,,44.2
2026-08-10T07:48:52.145Z,58531,18.9,,0.7
2026-08-10T07:48:52.246Z,58631,2.3,,1.1
2026-08-10T07:48:52.346Z,58731,1.7,,4.1
2026-08-10T07:48:52.446Z,58831,15.4,,8.9
2026-08-10T07:48:52.546Z,58931,3.4,,2.0
2026-08-10T07:48:52.647Z,59033,4.1,,1.1
2026-08-10T07:48:52.748Z,59134,2.9,,1.1
2026-08-10T07:48:52.848Z,59234,1.7,,1.1
2026-08-10T07:48:52.948Z,59334,1.6,,1.4
2026-08-10T07:48:53.048Z,59434,1.3,,1.2
2026-08-10T07:48:53.149Z,59534,1.8,,1.2
2026-08-10T07:48:53.249Z,59634,2.7,,1.4
2026-08-10T07:48:53.349Z,59734,2.7,,0.7
2026-08-10T07:48:53.449Z,59835,1.6,,0.9
2026-08-10T07:48:53.549Z,59935,1.2,,0.8
2026-08-10T07:48:53.649Z,60035,2.2,,1.8
2026-08-10T07:48:53.749Z,60135,1.3,,5.3
2026-08-10T07:48:53.849Z,60235,3.2,,2.8
2026-08-10T07:48:53.950Z,60336,2.2,,4.5
2026-08-10T07:48:54.050Z,60436,2.4,,1.1
2026-08-10T07:48:54.150Z,60536,1.7,,1.1
2026-08-10T07:48:54.251Z,60636,1.4,,0.8
2026-08-10T07:48:54.351Z,60736,6.2,,1.2
2026-08-10T07:48:54.451Z,60836,2.9,,1.0
2026-08-10T07:48:54.551Z,60936,1.5,,1.3
2026-08-10T07:48:54.651Z,61037,3.1,,3.2
2026-08-10T07:48:54.751Z,61137,1.4,,0.9
2026-08-10T07:48:54.852Z,61237,1.9,,0.8
2026-08-10T07:48:54.952Z,61337,2.4,,1.2
2026-08-10T07:48:55.053Z,61438,3.8,,0.9
2026-08-10T07:48:55.153Z,61538,1.4,,2.5
2026-08-10T07:48:55.253Z,61639,2.0,,1.4
2026-08-10T07:48:55.353Z,61739,2.0,,1.7
2026-08-10T07:48:55.453Z,61839,1.7,,0.9
2026-08-10T07:48:55.553Z,61939,4.8,,0.9
2026-08-10T07:48:55.653Z,62039,3.6,,1.0
2026-08-10T07:48:55.754Z,62139,4.7,,1.1
2026-08-10T07:48:55.857Z,62242,2.7,,1.1
2026-08-10T07:48:55.957Z,62342,3.8,,1.4
2026-08-10T07:48:56.057Z,62443,1.4,,1.4
2026-08-10T07:48:56.157Z,62543,1.5,,0.7
2026-08-10T07:48:56.257Z,62643,1.9,,2.5
2026-08-10T07:48:56.357Z,62743,3.0,,0.9
2026-08-10T07:48:56.457Z,62843,1.6,,1.2
2026-08-10T07:48:56.557Z,62943,1.3,,0.9
2026-08-10T07:48:56.658Z,63043,2.8,,1.0
2026-08-10T07:48:56.758Z,63143,1.6,,1.7
2026-08-10T07:48:56.858Z,63243,1.5,,1.4
2026-08-10T07:48:56.958Z,63343,1.8,,1.3
2026-08-10T07:48:57.058Z,63443,2.1,,1.2
2026-08-10T07:48:57.158Z,63543,11.9,,1.2
2026-08-10T07:48:57.258Z,63644,4.9,,1.6
2026-08-10T07:48:57.359Z,63744,6.2,,1.6
2026-08-10T07:48:57.460Z,63845,1.9,,2.4
2026-08-10T07:48:57.560Z,63945,5.2,,1.1
2026-08-10T07:48:57.660Z,64046,9.8,,1.1
2026-08-10T07:48:57.761Z,64147,30.8,,2.1
2026-08-10T07:48:57.863Z,64249,6.9,,1.7
2026-08-10T07:48:57.964Z,64349,3.0,,3.1
2026-08-10T07:48:58.064Z,64449,2.0,,1.1
2026-08-10T07:48:58.164Z,64549,1.5,,2.3
2026-08-10T07:48:58.264Z,64650,1.6,,2.5
2026-08-10T07:48:58.364Z,64750,1.8,,1.1
2026-08-10T07:48:58.464Z,64850,3.2,,1.3
2026-08-10T07:48:58.565Z,64950,9.6,,8.5
2026-08-10T07:48:58.665Z,65051,1.3,,1.1
2026-08-10T07:48:58.766Z,65151,1.7,,1.3
2026-08-10T07:48:58.866Z,65251,4.5,,0.9
2026-08-10T07:48:58.966Z,65351,1.4,,1.1
2026-08-10T07:48:59.066Z,65452,1.5,,0.9
2026-08-10T07:48:59.166Z,65552,1.5,,2.1
2026-08-10T07:48:59.266Z,65652,2.4,,1.1
2026-08-10T07:48:59.367Z,65752,2.7,,1.0
2026-08-10T07:48:59.467Z,65852,3.7,,1.1
2026-08-10T07:48:59.568Z,65953,1.6,,1.3
2026-08-10T07:48:59.669Z,66054,10.4,,3.4
2026-08-10T07:48:59.770Z,66155,2.8,,0.9
2026-08-10T07:48:59.870Z,66255,1.6,,2.1
2026-08-10T07:48:59.971Z,66356,1.7,,0.8
2026-08-10T07:49:00.071Z,66457,2.6,,1.7
2026-08-10T07:49:00.172Z,66558,7.9,,6.7
2026-08-10T07:49:00.275Z,66660,10.8,,4.1
2026-08-10T07:49:00.375Z,66761,5.0,,1.0
2026-08-10T07:49:00.475Z,66861,3.4,,1.0
2026-08-10T07:49:00.579Z,66965,2.5,,1.0
2026-08-10T07:49:00.680Z,67066,4.1,,8.9
2026-08-10T07:49:00.781Z,67166,2.7,,1.6
2026-08-10T07:49:00.882Z,67267,1.2,,0.8
2026-08-10T07:49:00.982Z,67368,1.6,,1.7
2026-08-10T07:49:01.082Z,67468,4.0,,2.3
2026-08-10T07:49:01.184Z,67569,2.0,,1.8
2026-08-10T07:49:01.284Z,67669,2.2,,5.7
2026-08-10T07:49:01.389Z,67775,10.3,,11.6
2026-08-10T07:49:01.493Z,67879,43.4,,5.1
2026-08-10T07:49:01.594Z,67980,6.6,,5.2
2026-08-10T07:49:01.702Z,68088,11.3,,2.3
2026-08-10T07:49:01.802Z,68188,3.5,,6.5
2026-08-10T07:49:01.904Z,68290,9.6,,9.9
2026-08-10T07:49:02.005Z,68390,6.5,,27.7
2026-08-10T07:49:02.111Z,68496,43.7,,2.0
2026-08-10T07:49:02.216Z,68602,10.5,,1.8
2026-08-10T07:49:02.316Z,68702,6.1,,25.5
2026-08-10T07:49:02.419Z,68805,5.3,,2.6
2026-08-10T07:49:02.522Z,68908,10.7,,2.3
2026-08-10T07:49:02.628Z,69014,4.5,,6.1
2026-08-10T07:49:02.729Z,69114,5.5,,1.8
2026-08-10T07:49:02.831Z,69217,0.7,,2.4
2026-08-10T07:49:02.934Z,69320,4.5,,1.1
2026-08-10T07:49:03.038Z,69429,11.1,,2.8
2026-08-10T07:49:03.138Z,69524,14.5,,7.5
2026-08-10T07:49:03.240Z,69626,6.5,,1.9
2026-08-10T07:49:03.341Z,69726,2.2,,1.1
2026-08-10T07:49:03.441Z,69827,1.7,,2.8
2026-08-10T07:49:03.544Z,69929,3.6,,0.9
2026-08-10T07:49:03.644Z,70029,2.8,,1.2
2026-08-10T07:49:03.744Z,70129,4.8,,2.9
2026-08-10T07:49:03.844Z,70229,2.0,,3.8
2026-08-10T07:49:03.944Z,70330,2.5,,1.1
2026-08-10T07:49:04.045Z,70431,2.2,,1.8
2026-08-10T07:49:04.146Z,70532,2.4,,1.5
2026-08-10T07:49:04.246Z,70632,7.2,,2.8
2026-08-10T07:49:04.348Z,70734,5.0,,1.4
2026-08-10T07:49:04.449Z,70834,4.6,,2.9
2026-08-10T07:49:04.549Z,70934,4.4,,1.2
2026-08-10T07:49:04.649Z,71034,1.2,,0.9
2026-08-10T07:49:04.750Z,71136,4.8,,4.1
2026-08-10T07:49:04.851Z,71236,4.2,,1.4
2026-08-10T07:49:04.951Z,71336,3.0,,1.3
2026-08-10T07:49:05.051Z,71436,3.2,,5.4
2026-08-10T07:49:05.151Z,71536,4.9,,0.9
2026-08-10T07:49:05.251Z,71637,3.9,,2.4
2026-08-10T07:49:05.352Z,71737,4.5,,2.0
2026-08-10T07:49:05.452Z,71837,2.9,,1.6
2026-08-10T07:49:05.552Z,71937,2.7,,1.1
2026-08-10T07:49:05.652Z,72037,1.3,,1.0
2026-08-10T07:49:05.752Z,72138,1.3,,2.2
2026-08-10T07:49:05.852Z,72238,2.9,,1.2
2026-08-10T07:49:05.952Z,72338,1.3,,1.7
2026-08-10T07:49:06.052Z,72438,4.3,,1.1
2026-08-10T07:49:06.153Z,72538,1.6,,2.3
2026-08-10T07:49:06.253Z,72639,2.2,,1.0
2026-08-10T07:49:06.353Z,72739,2.2,,2.2
2026-08-10T07:49:06.453Z,72839,2.0,,1.3
2026-08-10T07:49:06.554Z,72939,11.7,,2.1
2026-08-10T07:49:06.654Z,73040,1.9,,4.1
2026-08-10T07:49:06.754Z,73140,3.1,,2.0
2026-08-10T07:49:06.879Z,73265,79.9,,1.4
2026-08-10T07:49:06.980Z,73365,3.8,,2.2
2026-08-10T07:49:07.080Z,73465,2.2,,2.0
2026-08-10T07:49:07.181Z,73566,8.2,,10.4
2026-08-10T07:49:07.281Z,73666,6.3,,1.8
2026-08-10T07:49:07.381Z,73767,2.4,,1.7
2026-08-10T07:49:07.481Z,73867,1.8,,1.6
2026-08-10T07:49:07.581Z,73967,3.7,,0.8
2026-08-10T07:49:07.681Z,74067,3.5,,0.8
2026-08-10T07:49:07.781Z,74167,3.7,,1.1
2026-08-10T07:49:07.881Z,74267,6.1,,1.2
2026-08-10T07:49:07.982Z,74367,6.5,,1.2
2026-08-10T07:49:08.084Z,74470,10.3,,4.2
2026-08-10T07:49:08.188Z,74574,9.6,,2.1
2026-08-10T07:49:08.289Z,74674,14.4,,5.3
2026-08-10T07:49:08.389Z,74775,14.9,,1.4
2026-08-10T07:49:08.490Z,74875,11.1,,10.3
2026-08-10T07:49:08.592Z,74978,2.4,,0.9
2026-08-10T07:49:08.693Z,75078,1.8,,2.6
2026-08-10T07:49:08.793Z,75178,1.4,,0.9
2026-08-10T07:49:08.893Z,75278,14.7,,0.9
2026-08-10T07:49:08.993Z,75379,4.3,,1.0
2026-08-10T07:49:09.093Z,75479,10.3,,1.2
2026-08-10T07:49:09.193Z,75579,1.6,,1.8
2026-08-10T07:49:09.293Z,75679,2.5,,1.2
2026-08-10T07:49:09.394Z,75779,2.6,,2.2
2026-08-10T07:49:09.495Z,75881,1.3,,2.2
2026-08-10T07:49:09.595Z,75981,9.0,,5.0
2026-08-10T07:49:09.695Z,76081,1.5,,1.0
2026-08-10T07:49:09.796Z,76181,5.5,,2.4
2026-08-10T07:49:09.896Z,76281,4.6,,1.8
2026-08-10T07:49:09.996Z,76381,2.1,,1.0
2026-08-10T07:49:10.096Z,76481,3.1,,1.3
2026-08-10T07:49:10.196Z,76581,2.0,,0.9
2026-08-10T07:49:10.296Z,76682,1.0,,2.9
2026-08-10T07:49:10.397Z,76782,1.4,,2.0
2026-08-10T07:49:10.497Z,76883,10.2,,1.2
2026-08-10T07:49:10.597Z,76983,2.2,,0.8
2026-08-10T07:49:10.697Z,77083,1.9,,1.6
2026-08-10T07:49:10.798Z,77183,11.9,,0.9
2026-08-10T07:49:10.898Z,77283,1.4,,1.3
2026-08-10T07:49:10.998Z,77384,1.3,,4.5
2026-08-10T07:49:11.098Z,77484,1.1,,0.9
2026-08-10T07:49:11.198Z,77584,1.7,,1.0
2026-08-10T07:49:11.298Z,77684,1.3,,2.7
2026-08-10T07:49:11.398Z,77784,1.3,,4.2
2026-08-10T07:49:11.498Z,77884,1.3,,0.8
2026-08-10T07:49:11.599Z,77984,1.1,,2.1
2026-08-10T07:49:11.699Z,78084,1.9,,2.2
2026-08-10T07:49:11.799Z,78184,2.3,,1.6
2026-08-10T07:49:11.899Z,78284,3.0,,1.3
2026-08-10T07:49:11.999Z,78384,1.6,,1.7
2026-08-10T07:49:12.099Z,78485,1.3,,1.8
2026-08-10T07:49:12.200Z,78586,1.6,,1.4
2026-08-10T07:49:12.305Z,78691,10.8,,1.4
2026-08-10T07:49:12.406Z,78791,2.3,,3.7
2026-08-10T07:49:12.506Z,78891,2.2,,1.0
2026-08-10T07:49:12.606Z,78991,1.0,,1.0
2026-08-10T07:49:12.706Z,79091,1.3,,1.4
2026-08-10T07:49:12.806Z,79192,2.0,,1.0
2026-08-10T07:49:12.906Z,79292,1.4,,2.1
2026-08-10T07:49:13.006Z,79392,1.3,,1.0
2026-08-10T07:49:13.107Z,79492,1.8,,1.7
2026-08-10T07:49:13.207Z,79592,1.0,,1.0
2026-08-10T07:49:13.307Z,79692,2.1,,0.8
2026-08-10T07:49:13.407Z,79793,2.3,,0.9
2026-08-10T07:49:13.507Z,79893,2.0,,1.7
2026-08-10T07:49:13.607Z,79993,1.3,,0.9
2026-08-10T07:49:13.708Z,80093,1.9,,1.9
2026-08-10T07:49:13.810Z,80195,3.5,,1.4
2026-08-10T07:49:13.910Z,80296,8.5,,1.0
2026-08-10T07:49:14.010Z,80396,1.0,,1.5
2026-08-10T07:49:14.110Z,80496,2.5,,2.5
2026-08-10T07:49:14.210Z,80596,1.4,,1.7
2026-08-10T07:49:14.311Z,80696,3.4,,1.6
2026-08-10T07:49:14.411Z,80796,3.0,,0.9
2026-08-10T07:49:14.511Z,80897,2.8,,1.4
2026-08-10T07:49:14.611Z,80997,2.4,,1.6
2026-08-10T07:49:14.711Z,81097,2.2,,1.8
2026-08-10T07:49:14.811Z,81197,2.7,,1.1
2026-08-10T07:49:14.912Z,81297,3.7,,1.2
2026-08-10T07:49:15.012Z,81397,3.2,,1.1
2026-08-10T07:49:15.112Z,81497,2.3,,1.3
2026-08-10T07:49:15.214Z,81599,3.1,,8.0
2026-08-10T07:49:15.315Z,81700,5.4,,1.1
2026-08-10T07:49:15.415Z,81800,1.0,,8.3
2026-08-10T07:49:15.515Z,81900,2.2,,1.1
2026-08-10T07:49:15.618Z,82004,1.4,,3.7
2026-08-10T07:49:15.720Z,82105,1.3,,1.8
2026-08-10T07:49:15.821Z,82206,3.7,,1.4
2026-08-10T07:49:15.921Z,82307,3.2,,0.9
2026-08-10T07:49:16.022Z,82408,2.0,,1.3
2026-08-10T07:49:16.122Z,82508,2.3,,2.8
2026-08-10T07:49:16.224Z,82610,2.2,,1.8
2026-08-10T07:49:16.324Z,82710,1.3,,1.0
2026-08-10T07:49:16.424Z,82810,1.7,,1.5
2026-08-10T07:49:16.526Z,82912,3.9,,1.0
2026-08-10T07:49:16.626Z,83012,3.3,,1.5
2026-08-10T07:49:16.729Z,83114,6.1,,1.3
2026-08-10T07:49:16.829Z,83214,3.4,,1.8
2026-08-10T07:49:16.929Z,83314,1.2,,0.9
2026-08-10T07:49:17.029Z,83414,3.2,,1.3
2026-08-10T07:49:17.129Z,83515,1.3,,1.1
2026-08-10T07:49:17.229Z,83615,2.4,,0.7
2026-08-10T07:49:17.330Z,83716,2.7,,11.0
2026-08-10T07:49:17.432Z,83817,10.0,,6.8
2026-08-10T07:49:17.537Z,83922,2.3,,2.0
2026-08-10T07:49:17.637Z,84022,3.1,,1.4
2026-08-10T07:49:17.737Z,84123,1.7,,1.2
2026-08-10T07:49:17.837Z,84223,1.9,,2.6
2026-08-10T07:49:17.937Z,84323,2.8,,0.9
2026-08-10T07:49:18.037Z,84423,2.3,,2.2
2026-08-10T07:49:18.138Z,84523,2.0,,1.0
2026-08-10T07:49:18.238Z,84623,1.1,,1.7
2026-08-10T07:49:18.340Z,84726,1.7,,1.1
2026-08-10T07:49:18.441Z,84827,1.9,,2.0
2026-08-10T07:49:18.543Z,84928,2.2,,1.4
2026-08-10T07:49:18.644Z,85030,4.3,,3.4
2026-08-10T07:49:18.745Z,85130,3.4,,1.2
2026-08-10T07:49:18.845Z,85231,2.1,,1.3
2026-08-10T07:49:18.946Z,85331,2.5,,1.2
2026-08-10T07:49:19.046Z,85431,2.1,,0.9
2026-08-10T07:49:19.146Z,85531,6.2,,1.0
2026-08-10T07:49:19.247Z,85632,1.6,,2.1
2026-08-10T07:49:19.347Z,85732,1.9,,1.0
2026-08-10T07:49:19.447Z,85832,2.8,,1.9
2026-08-10T07:49:19.548Z,85934,3.2,,1.3
2026-08-10T07:49:19.649Z,86034,2.3,,0.9
2026-08-10T07:49:19.750Z,86135,1.7,,5.3
2026-08-10T07:49:19.850Z,86235,1.8,,1.8
2026-08-10T07:49:19.950Z,86335,3.6,,1.0
2026-08-10T07:49:20.051Z,86436,1.3,,0.8
2026-08-10T07:49:20.151Z,86537,2.5,,1.4
2026-08-10T07:49:20.251Z,86637,1.6,,0.8
2026-08-10T07:49:20.351Z,86737,1.2,,1.1
2026-08-10T07:49:20.451Z,86837,2.6,,1.0
2026-08-10T07:49:20.551Z,86937,3.1,,1.1
2026-08-10T07:49:20.652Z,87037,2.8,,2.1
2026-08-10T07:49:20.753Z,87138,1.7,,1.0
2026-08-10T07:49:20.854Z,87239,0.9,,0.9
2026-08-10T07:49:20.955Z,87341,1.6,,0.9
2026-08-10T07:49:21.055Z,87441,2.2,,1.9
2026-08-10T07:49:21.156Z,87542,1.4,,0.8
2026-08-10T07:49:21.258Z,87643,2.9,,0.8
2026-08-10T07:49:21.358Z,87744,3.7,,1.4
2026-08-10T07:49:21.458Z,87844,1.3,,0.8
2026-08-10T07:49:21.559Z,87945,1.6,,5.9
2026-08-10T07:49:21.660Z,88045,1.9,,0.9
2026-08-10T07:49:21.762Z,88148,2.0,,0.8
2026-08-10T07:49:21.863Z,88248,1.3,,0.9
2026-08-10T07:49:21.963Z,88349,2.7,,0.9
2026-08-10T07:49:22.067Z,88453,3.6,,5.3
2026-08-10T07:49:22.167Z,88553,3.3,,1.1
2026-08-10T07:49:22.267Z,88653,1.7,,0.7
2026-08-10T07:49:22.369Z,88754,1.8,,0.9
2026-08-10T07:49:22.469Z,88854,3.8,,1.0
2026-08-10T07:49:22.569Z,88954,1.6,,0.9
2026-08-10T07:49:22.670Z,89055,1.7,,0.9
2026-08-10T07:49:22.770Z,89155,1.3,,0.9
2026-08-10T07:49:22.871Z,89257,3.0,,1.1
2026-08-10T07:49:22.971Z,89357,2.6,,3.0
2026-08-10T07:49:23.071Z,89457,1.5,,1.9
2026-08-10T07:49:23.171Z,89557,1.6,,0.9
2026-08-10T07:49:23.273Z,89659,3.0,,0.9
2026-08-10T07:49:23.374Z,89760,2.4,,0.8
2026-08-10T07:49:23.474Z,89860,1.6,,2.5
2026-08-10T07:49:23.574Z,89960,2.7,,1.5
